21150020,HHK,HHS,HP3
21150022,HHK,HHS,HP3
21150024,HHK,HHS,HP3
21150026,HHK,HHS,HP3
21150028,HHK,HHS,HP3
21150030,HHK,HHS,HP3
21150032,HHK,HHS,HP3
21150034,HHK,HHS,HP3
21150036,HHK,HHS,HP3
21150038,HHK,HHS,HP3
21150040,HHK,HHS,HP3
21150042,HHK,HHS,HP3
21150044,HHK,HHS,HP3
21150046,HHK,HHS,HP3
21150048,HHK,HHS,HP3
21150050,HHK,HHS,HP3
21150052,HHK,HHS,HP3
21150054,HHK,HHS,HP3
21150056,HHK,HHS,HP3
21150058,HHK,HHS,HP3
21150060,HHK,HHS,HP3
21150062,HHK,HHS,HP3
21150064,HHK,HHS,HP3
21150066,HHK,HHS,HP3
21150068,HHK,HHS,HP3
21150070,HHK,HHS,HP3
21150072,HHK,HHS,HP3
21150074,HHK,HHS,HP3
21150076,HHK,HHS,HP3
21150078,HHK,HHS,HP3